﻿{	"version": 1,	"meta": {		"comment": "Demo submit 2018"	},	"spreadJS": {		"version": "11.0.0",		"sheets": {			"Report": {				"name": "Report",				"columnCount": 20,				"rowCount": 40,				"defaults": {					"rowHeight": 40,					"colWidth": 200,					"rowHeaderColWidth": 59,					"colHeaderRowHeight": 19				},				"data": {					"dataTable": {						"0": {							"0": {								"value": "2018 SALES",								"style": {									"font": "bold 20px Arial",									"hAlign": 1,									"backColor": "rgb(173, 185, 201)",									"foreColor": "white",									"formatter": "$### ### ##0"								}							}						},						"1": {							"0": {								"value": "1st Quarter",								"style": {									"font": "bold italic 20px Arial",									"vAlign": 1,									"hAlign": 1								}							},							"1": {								"value": null,								"style": {									"formatter": "$### ### ##0"								}							},							"2": {								"formula": "=B2/SUM(B2:B5)",								"style": {									"formatter": "##0.00%"								}							},							"3": {								"formula": "=VARISPARKLINE(C2,0)"							}						},						"2": {							"0": {								"value": "2nd Quarter",								"style": {									"font": "bold italic 20px Arial",									"vAlign": 1,									"hAlign": 1								}							},							"1": {								"value": null,								"style": {									"formatter": "$### ### ##0"								}							},							"2": {								"formula": "=B3/SUM(B2:B5)",								"style": {									"formatter": "##0.00%"								}							},							"3": {								"formula": "=VARISPARKLINE(C3,0)"							}						},						"3": {							"0": {								"value": "3rd Quarter",								"style": {									"font": "bold italic 20px Arial",									"vAlign": 1,									"hAlign": 1								}							},							"1": {								"value": null,								"style": {									"formatter": "$### ### ##0"								}							},							"2": {								"formula": "=B4/SUM(B2:B5)",								"style": {									"formatter": "##0.00%"								}							},							"3": {								"formula": "=VARISPARKLINE(C4,0)"							}						},						"4": {							"0": {								"value": "4th Quarter",								"style": {									"font": "bold italic 20px Arial",									"vAlign": 1,									"hAlign": 1								}							},							"1": {								"value": null,								"style": {									"formatter": "$### ### ##0"								}							},							"2": {								"formula": "=B5/SUM(B2:B5)",								"style": {									"formatter": "##0.00%"								}							},							"3": {								"formula": "=VARISPARKLINE(C5,0)"							}						},						"5": {							"0": {								"value": "TOTAL",								"style": {									"font": "bold 20px Arial",									"hAlign": 1,									"backColor": "rgb(173, 185, 201)",									"foreColor": "white",									"formatter": "$### ### ##0"								}							},							"1": {								"formula": "=SUM(B2:B5)",								"style": {									"font": "bold 20px Arial",									"hAlign": 1,									"backColor": "rgb(173, 185, 201)",									"foreColor": "white",									"formatter": "$### ### ##0"								}							},							"2": {								"value": "100%",								"style": {									"font": "bold 20px Arial",									"hAlign": 1,									"backColor": "rgb(173, 185, 201)",									"foreColor": "white",									"formatter": "$### ### ##0"								}							}						},						"8": {							"0": {								"formula": "=PIESPARKLINE(C2:C5,\"rgb(173, 185, 201)\",\"rgb(247, 204, 174)\",\"rgb(254, 230, 154)\",\"rgb(217, 227, 242)\""							}						}					},					"defaultDataNode": {						"style": {							"font": "20px Arial",							"vAlign": 1,							"hAlign": 1						}					}				},				"spans": [					{						"row": 0,						"rowCount": 1,						"col": 0,						"colCount": 3					},					{						"row": 8,						"rowCount": 8,						"col": 0,						"colCount": 3					}				]			}		}	}}