<?xml version="1.0" encoding="UTF-8"?>
<!DOCTYPE base SYSTEM "http://www.4d.com/dtd/2007/base.dtd" >
<base name="HowDoI" uuid="2D4F6103DC084198BFC0283C03D0A0B2" collation_locale="en">
	<schema name="DEFAULT_SCHEMA"/>
	<table name="INFO" uuid="107A367EBCC346259FD971E8FC1097DA" id="1">
		<field name="ID" uuid="C6DBB917EEE44AF9BDA57ABA22C55C6B" type="4" unique="true" autosequence="true" not_null="true" id="1">
			<index_ref uuid="B17E3BF54450493DB72FBD48A5745784"/>
			<field_extra position="1"/>
		</field>
		<field name="Description" uuid="C9EFE648E9234AADA33FB25D61C0190B" type="10" never_null="true" id="2">
			<field_extra position="4"/>
		</field>
		<field name="TabTitle" uuid="58AF214936C941439CB263026A5B46ED" type="10" limiting_length="255" never_null="true" id="3">
			<field_extra position="3"/>
		</field>
		<field name="PageNumber" uuid="A2D86BBFD5134D06999CBDD14FD07A27" type="4" never_null="true" id="4">
			<field_extra position="2"/>
		</field>
		<primary_key field_name="ID" field_uuid="C6DBB917EEE44AF9BDA57ABA22C55C6B"/>
		<table_extra>
			<editor_table_info fields_ordering="2" displayable_fields_count="6">
				<color red="255" green="255" blue="255" alpha="0"/>
				<coordinates left="0" top="0" width="120" height="167.33203125"/>
			</editor_table_info>
		</table_extra>
	</table>
	<table name="(Products)" uuid="91CBB486F460D94C8C24B5059C0DAC16" id="2" hide_in_REST="true">
		<field name="ID" uuid="0F297A450B6DB64D9E8506966A104E14" type="4" unique="true" autosequence="true" not_null="true" id="1">
			<index_ref uuid="7B6C84F12FF36C46A78301B6893568B1"/>
		</field>
		<field name="Name" uuid="CBF6017EF603574D9FAEAF4CEE6ED5FD" type="10" limiting_length="255" never_null="true" id="2"/>
		<field name="Price" uuid="57EB5EC27E49CD4497D73595615A9E1E" type="6" never_null="true" id="3"/>
		<primary_key field_name="ID" field_uuid="0F297A450B6DB64D9E8506966A104E14"/>
		<table_extra trashed="true">
			<editor_table_info displayable_fields_count="6">
				<color red="255" green="255" blue="255" alpha="0"/>
				<coordinates left="358" top="129" width="120" height="167.33203125"/>
			</editor_table_info>
		</table_extra>
	</table>
	<table name="(Continents)" uuid="F53A5A256F32E746B8CEB490674AEE7D" id="3" hide_in_REST="true" prevent_journaling="true">
		<field name="ID" uuid="DB20232A4CAE5A428D88E8C1656EEB8A" type="4" unique="true" id="1">
			<index_ref uuid="AFD9E16C8ACF3A488E590D9ACEAD2EB2"/>
		</field>
		<field name="Name" uuid="3E880F04A1FC584DB3AFD8AC77298679" type="10" id="2"/>
		<primary_key field_name="ID" field_uuid="DB20232A4CAE5A428D88E8C1656EEB8A"/>
		<table_extra trashed="true">
			<editor_table_info fields_ordering="1" displayable_fields_count="6">
				<color red="255" green="255" blue="255" alpha="0"/>
				<coordinates left="194" top="50" width="120" height="167.33203125"/>
			</editor_table_info>
		</table_extra>
	</table>
	<table name="(Countries)" uuid="53F12D685968F643A953DD156D169242" id="4" hide_in_REST="true" prevent_journaling="true">
		<field name="ID" uuid="45FA142A1F8BEF4EAF8DFA1D2CBC89F6" type="4" unique="true" id="1">
			<index_ref uuid="E0C06349E5B6154EA469500C3AA09F8C"/>
		</field>
		<field name="Name" uuid="803CCEC890E7EC408E8BC23114FCCFD0" type="10" id="2"/>
		<field name="Population" uuid="8439AF9E8EB60C43A96D62E969137076" type="5" id="3"/>
		<field name="Density" uuid="AFC604C4EB79D243B614958E42B5CB08" type="5" id="4"/>
		<field name="Area" uuid="470BFAB0FF9A2249A18DD48373A5F74F" type="5" id="5"/>
		<field name="FertRate" uuid="0A4E543607A6FE458C27884B21D96A93" type="6" id="6"/>
		<field name="MedAge" uuid="D13FCFA26B6A16499513B6403FD2DF48" type="4" id="7"/>
		<field name="UrbanPop" uuid="AD237EB458B8AB4BA5A23A56DA71B322" type="6" id="8"/>
		<field name="IDContinent" uuid="3182DD0D5C683240A077D18561D4CB99" type="4" id="9">
			<index_ref uuid="A39B2F50723D18438869241B7F141E7C"/>
		</field>
		<field name="Capital" uuid="E4880F6BABCBB54486ABD98B20E04CD8" type="10" id="10"/>
		<primary_key field_name="ID" field_uuid="45FA142A1F8BEF4EAF8DFA1D2CBC89F6"/>
		<table_extra trashed="true">
			<editor_table_info fields_ordering="1" displayable_fields_count="10">
				<color red="255" green="255" blue="255" alpha="0"/>
				<coordinates left="497.48046875" top="62.5078125" width="390.078125" height="272.08984375"/>
			</editor_table_info>
		</table_extra>
	</table>
	<table name="(Copy_of_Country)" uuid="6CF9467AAE69614B9D058A5355D9AD69" id="5" hide_in_REST="true" prevent_journaling="true">
		<field name="ID" uuid="854C22DA857E2E4395105DB9613910BF" type="4" id="1"/>
		<field name="Name" uuid="0300AC61AD5DA84ABC9913D3BA0039E6" type="10" id="2"/>
		<field name="Population" uuid="13542B0B99B5FD4586262187898E61B0" type="5" id="3"/>
		<field name="Density" uuid="CFB28215F754084B8357B109A004F268" type="5" id="4"/>
		<field name="Area" uuid="E740DE3737B8CF459ADD97F55A5C44E4" type="5" id="5"/>
		<field name="FertRate" uuid="6F802BA9369C3C488613B54EC37D9128" type="6" id="6"/>
		<field name="MedAge" uuid="C634361512BD9649948CE77240646630" type="4" id="7"/>
		<field name="UrbanPop" uuid="F9B94A1913F32646B6DC9B17717ED6BA" type="6" id="8"/>
		<field name="IDContinent" uuid="74254BCE9D8B02418043F67426821E5D" type="4" id="9"/>
		<field name="Capital" uuid="21B40290F38F1B41BB142D857168E935" type="10" id="10"/>
		<table_extra trashed="true">
			<editor_table_info fields_ordering="1" displayable_fields_count="12">
				<color red="255" green="255" blue="255" alpha="0"/>
				<coordinates left="297.48046875" top="137.5078125" width="243.078125" height="309.08984375"/>
			</editor_table_info>
		</table_extra>
	</table>
	<table name="Recipes" uuid="CACEAF4D64E1FF4E8550BAF2088D0288" id="6">
		<field name="ID" uuid="955B79A12F387B4E9F19200F1F97740A" type="4" unique="true" autosequence="true" not_null="true" id="1">
			<index_ref uuid="6B8D2CAF0020624DAAF02F911BAD27F2"/>
		</field>
		<field name="Name" uuid="AE2CB1FD0A133E4EB9A51864A3297242" type="10" limiting_length="255" never_null="true" id="2"/>
		<field name="Ingredients" uuid="BDD115AC32612E4AAC40279BB5F9A535" type="10" never_null="true" id="3"/>
		<field name="Directions" uuid="3864991711C84B4FA0852DEC889D9BC5" type="10" never_null="true" id="4"/>
		<field name="CookTime" uuid="9618FE7A2C22DD43B4555858D0FB29FF" type="3" never_null="true" id="5"/>
		<field name="PreparationTime" uuid="183663BC70899F40A52CC26F3B87A12B" type="3" never_null="true" id="6"/>
		<field name="Calories" uuid="0B35E7F502E36D4DBEABCE949478BC0F" type="3" never_null="true" id="7"/>
		<field name="Nutrition1Number" uuid="89B996B9DCCFD6468E46EAEA9B794EFC" type="6" never_null="true" id="8"/>
		<field name="Nutrition1Label" uuid="D197478A8B1FB741B4380C603CF51800" type="10" limiting_length="255" never_null="true" id="9"/>
		<field name="Nutrition2Number" uuid="2379581757AB3A479CD88453AEA8B15B" type="6" never_null="true" id="10"/>
		<field name="Nutrition2Label" uuid="0E928F46F7F8BD4C90EA80E4DBC7E254" type="10" limiting_length="255" never_null="true" id="11"/>
		<field name="Nutrition3Number" uuid="FCA30619CDF2C94B9C88C73F6D6D1D5F" type="6" never_null="true" id="12"/>
		<field name="Nutrition3Label" uuid="26A0B04DC8EA6D44B03A83398912C538" type="10" limiting_length="255" never_null="true" id="13"/>
		<field name="Nutrition4Number" uuid="F036AFB400581C469F4550EF665F4CD8" type="6" never_null="true" id="14"/>
		<field name="Nutrition4Label" uuid="4926F5488E92E147A2714DF395CD0A87" type="10" limiting_length="255" never_null="true" id="15"/>
		<field name="Picture" uuid="C8107E3DDDAED94681A0B58F1F4E8448" type="12" never_null="true" id="16">
			<field_extra multi_line="false"/>
		</field>
		<primary_key field_name="ID" field_uuid="955B79A12F387B4E9F19200F1F97740A"/>
		<table_extra>
			<editor_table_info displayable_fields_count="34">
				<color red="255" green="255" blue="255" alpha="0"/>
				<coordinates left="604" top="164" width="309" height="771.33203125"/>
			</editor_table_info>
		</table_extra>
	</table>
	<index kind="regular" unique_keys="true" uuid="6B8D2CAF0020624DAAF02F911BAD27F2" type="7">
		<field_ref uuid="955B79A12F387B4E9F19200F1F97740A" name="ID">
			<table_ref uuid="CACEAF4D64E1FF4E8550BAF2088D0288" name="Recipes"/>
		</field_ref>
	</index>
	<index kind="regular" unique_keys="true" uuid="7B6C84F12FF36C46A78301B6893568B1" type="7">
		<field_ref uuid="0F297A450B6DB64D9E8506966A104E14" name="ID">
			<table_ref uuid="91CBB486F460D94C8C24B5059C0DAC16" name="(Products)"/>
		</field_ref>
	</index>
	<index kind="regular" uuid="A39B2F50723D18438869241B7F141E7C" type="7">
		<field_ref uuid="3182DD0D5C683240A077D18561D4CB99" name="IDContinent">
			<table_ref uuid="53F12D685968F643A953DD156D169242" name="(Countries)"/>
		</field_ref>
	</index>
	<index kind="regular" unique_keys="true" uuid="AFD9E16C8ACF3A488E590D9ACEAD2EB2" type="1">
		<field_ref uuid="DB20232A4CAE5A428D88E8C1656EEB8A" name="ID">
			<table_ref uuid="F53A5A256F32E746B8CEB490674AEE7D" name="(Continents)"/>
		</field_ref>
	</index>
	<index kind="regular" unique_keys="true" uuid="B17E3BF54450493DB72FBD48A5745784" type="7">
		<field_ref uuid="C6DBB917EEE44AF9BDA57ABA22C55C6B" name="ID">
			<table_ref uuid="107A367EBCC346259FD971E8FC1097DA" name="INFO"/>
		</field_ref>
	</index>
	<index kind="regular" unique_keys="true" uuid="E0C06349E5B6154EA469500C3AA09F8C" type="1">
		<field_ref uuid="45FA142A1F8BEF4EAF8DFA1D2CBC89F6" name="ID">
			<table_ref uuid="53F12D685968F643A953DD156D169242" name="(Countries)"/>
		</field_ref>
	</index>
	<base_extra __stringCompHash="icu:56.1.0" __keywordBuildingHash="icu:56.1.0" package_name="HDI_Template_v17" structure_file_name="HowDoI" data_file_path=":HowDoI.4DD" source_code_stamp="1031" intel64_code_stamp="1018">
		<journal_file journal_file_enabled="false"/>
	</base_extra>
</base>